Variant ID,rsID,Consequence,Annotation,LOFTEE,Quality,CADD,Het,HomAlt,Frequency (%)
"X-15564175-T-C","rs41303171","p.Asn720Asp;n.501A>G;n.79A>G","missense_variant;non_coding_transcript_exon_variant","","PASS","15.229999542236328","1851","805","0.013075700029730797"
"X-15600835-T-C","rs4646116","p.Lys26Arg;n.373A>G","missense_variant;non_coding_transcript_exon_variant","","PASS","4.709000110626221","624","267","0.004374930169433355"
"X-15564142-G-A","rs147311723","p.Leu731Phe;n.534C>T;n.112C>T","missense_variant;non_coding_transcript_exon_variant","","PASS","23.100000381469727","725","255","0.004665839951485395"
"X-15566293-A-G","rs149039346","p.Ser692Pro;n.417T>C","missense_variant;non_coding_transcript_exon_variant;upstream_gene_variant","","PASS","20.100000381469727","306","124","0.002093010116368532"
"X-15581269-T-C","rs138390800","p.Lys341Arg","missense_variant","","PASS","19.31999969482422","212","71","0.0013374099507927895"
"X-15589409-C-T","rs148771870","p.Gly211Arg","missense_variant","","PASS","14.239999771118164","142","58","0.0009747250005602837"
"X-15589385-G-A","rs372272603","p.Arg219Cys","missense_variant","","PASS","23.799999237060547","72","34","0.0005289210239425302"
"X-15575706-T-C","rs191860450","p.Ile468Val","missense_variant","","PASS","23.899999618530273","70","32","0.0005062529817223549"
"X-15600857-A-G","rs73635825","p.Ser19Pro;n.351T>C","missense_variant;non_coding_transcript_exon_variant","","PASS","15.369999885559082","98","31","0.0006044810288585722"
"X-15589423-T-C","rs142443432","p.Asp206Gly","missense_variant","","PASS","19.229999542236328","51","26","0.00038913398748263717"
"X-15571670-G-T","rs145437639","p.Asp597Glu","missense_variant;upstream_gene_variant","","PASS","5.896999835968018","49","16","0.00030601798789575696"
"X-15564112-T-C","rs372923812","p.Ile741Val;n.564A>G;n.142A>G","missense_variant;non_coding_transcript_exon_variant","","PASS","5.3520002365112305","24","14","0.00019645600696094334"
"X-15567810-T-C","rs183135788","p.Asn638Ser","missense_variant;upstream_gene_variant","","PASS","17.020000457763672","14","11","0.00013600800593849272"
"X-15594846-C-T","rs201900069","p.Arg115Gln","missense_variant;splice_region_variant;downstream_gene_variant","","PASS","4.668000221252441","27","10","0.00017756600573193282"
"X-15600792-G-T","rs924799658","p.Phe40Leu;n.416C>A","missense_variant;non_coding_transcript_exon_variant","","PASS","3.6480000019073486","14","10","0.00012845199671573937"
"X-15594883-T-G","rs143158922","p.Asn103His","missense_variant;downstream_gene_variant","","PASS","16.149999618530273","12","9","0.00011334000009810552"
"X-15572225-G-C","rs373025684","p.Ser547Cys","missense_variant","","PASS","25.5","17","7","0.00011711799743352458"
"X-15600890-G-A","rs201035388","p.Leu8Phe;n.318C>T","missense_variant;non_coding_transcript_exon_variant","","PASS","15.630000114440918","8","7","0.0000831161014502868"
"X-15564186-C-T","rs200540199","p.Arg716His;n.490G>A;n.68G>A","missense_variant;non_coding_transcript_exon_variant","","PASS","5.831999778747559","16","6","0.00010578399815130979"
"X-15566349-G-C","rs1027571965","p.Ala673Gly;n.361C>G","missense_variant;non_coding_transcript_exon_variant;upstream_gene_variant","","PASS","3.819000005722046","10","6","0.0000831161014502868"
"X-15578253-T-C","rs142984500","p.His378Arg","missense_variant","","PASS","25.100000381469727","15","6","0.00010200600081589073"
"X-15570351-C-A","rs201715513","p.Ala614Ser","missense_variant;splice_region_variant;upstream_gene_variant","","PASS","1.3509999513626099","14","5","0.00009067210339708254"
"X-15581297-T-A","rs185525294","p.Met332Leu","missense_variant","","PASS","23.100000381469727","13","5","0.00008689409878570586"
"X-15587768-G-A","rs200745906","p.Pro263Ser","missense_variant","","PASS","25.899999618530273","13","5","0.00008689409878570586"
"X-15591718-G-T","rs762219565","p.Ala193Glu","missense_variant;downstream_gene_variant","","PASS","16.969999313354492","12","5","0.0000831161014502868"
"X-15571636-C-T","rs747988885","p.Asp609Asn","missense_variant;upstream_gene_variant","","PASS","4.98799991607666","2","4","0.00003777999882004224"
"X-15571678-G-C","rs148036434","p.Leu595Val","missense_variant;upstream_gene_variant","","PASS","24.399999618530273","4","4","0.00004533609899226576"
"X-15561978-G-A","rs147487891","p.Ala782Val;n.266C>T;n.688C>T","missense_variant;non_coding_transcript_exon_variant","","PASS","8.404999732971191","8","3","0.00005289210093906149"
"X-15564208-T-G","rs1052746182","p.Ser709Arg;n.46A>C;n.468A>C","missense_variant;non_coding_transcript_exon_variant","","PASS","12.920000076293945","19","3","0.0000944501007325016"
"X-15570311-G-A","rs748163894","p.Ala627Val","missense_variant;upstream_gene_variant","","PASS","24.200000762939453","4","3","0.00003777999882004224"
"X-15572229-T-C","rs761944150","p.Asn546Asp","missense_variant","","PASS","23","28","3","0.00012845199671573937"
"X-15600809-C-T","rs1348114695","p.Glu35Lys;n.399G>A","missense_variant;non_coding_transcript_exon_variant","","PASS","2.065999984741211","3","3","0.00003400200148462318"
"X-15564031-G-A","rs140016715","p.Arg768Trp;n.223C>T;n.645C>T","missense_variant;non_coding_transcript_exon_variant","","PASS","24.200000762939453","13","2","0.00006422610022127628"
"X-15564204-C-T","rs370187012","p.Arg710His;n.50G>A;n.472G>A","missense_variant;non_coding_transcript_exon_variant","","PASS","24.5","5","2","0.00003400200148462318"
"X-15566332-T-G","rs771673051","p.Ile679Leu;n.378A>C","missense_variant;non_coding_transcript_exon_variant;upstream_gene_variant","","PASS","17.989999771118164","2","2","0.000022668000383418985"
"X-15567792-C-T","","p.Arg644Gln","missense_variant;upstream_gene_variant","","PASS","5.913000106811523","2","2","0.000022668000383418985"
"X-15571683-G-T","rs140857723","p.Thr593Asn","missense_variant;upstream_gene_variant","","PASS","13.779999732971191","6","2","0.00003777999882004224"
"X-15572243-T-A","rs889263894","p.Lys541Ile","missense_variant","","PASS","24.799999237060547","1","2","0.00001888999941002112"
"X-15573463-C-T","rs748359955","p.Arg482Gln","missense_variant;splice_region_variant","","PASS","24","5","2","0.00003400200148462318"
"X-15575709-C-T","rs1270795706","p.Glu467Lys","missense_variant","","PASS","16.969999313354492","0","2","0.000015112000255612656"
"X-15578194-C-T","rs772619843","p.Glu398Lys","missense_variant","","PASS","24.200000762939453","0","2","0.000015112000255612656"
"X-15578220-G-T","rs762890235","p.Pro389His","missense_variant","","PASS","25.799999237060547","3","2","0.000026445999537827447"
"X-15578223-T-A","rs751572714","p.Gln388Leu","missense_variant","","PASS","18.59000015258789","1","2","0.00001888999941002112"
"X-15578284-C-T","rs1228750646","p.Asp368Asn","missense_variant","","PASS","20.700000762939453","0","2","0.000015112000255612656"
"X-15589453-T-C","","p.Tyr196Cys","missense_variant","","PASS","23.799999237060547","0","2","0.000015112000255612656"
"X-15591820-T-C","rs746034076","p.Asn159Ser","missense_variant;downstream_gene_variant","","PASS","5.99399995803833","4","2","0.000030224000511225313"
"X-15594847-G-A","rs1292756480","p.Arg115Trp","missense_variant;splice_region_variant;downstream_gene_variant","","PASS","23.399999618530273","2","2","0.000022668000383418985"
"X-15594944-C-T","rs766996587","p.Met82Ile;n.542G>A","missense_variant;non_coding_transcript_exon_variant","","PASS","0.02800000086426735","12","2","0.00006044809924787842"
"X-15600803-C-T","rs146676783","p.Glu37Lys;n.405G>A","missense_variant;non_coding_transcript_exon_variant","","PASS","23","7","2","0.000041557999793440104"
"X-15561912-G-A","rs771107251","p.Ser804Phe;n.754C>T;n.332C>T","missense_variant;non_coding_transcript_exon_variant","","PASS","23.600000381469727","3","1","0.00001888999941002112"
"X-15561955-C-G","","p.Glu790Gln;n.711G>C;n.289G>C","missense_variant;non_coding_transcript_exon_variant","","PASS","12.460000038146973","0","1","0.000007556010132248048"
"X-15561970-C-A","rs373153165","p.Asp785Tyr;n.696G>T;n.274G>T","missense_variant;non_coding_transcript_exon_variant","","PASS","17.260000228881836","0","1","0.000007556010132248048"
"X-15561970-C-T","rs373153165","p.Asp785Asn;n.696G>A;n.274G>A","missense_variant;non_coding_transcript_exon_variant","","PASS","7.158999919891357","3","1","0.00001888999941002112"
"X-15561975-G-A","rs1258561133","p.Ser783Phe;n.269C>T;n.691C>T","missense_variant;non_coding_transcript_exon_variant","","PASS","6.692999839782715","0","1","0.000007556010132248048"
"X-15561984-G-A","","p.Pro780Leu;n.260C>T;n.682C>T","missense_variant;non_coding_transcript_exon_variant","","PASS","24.100000381469727","2","1","0.000015112000255612656"
"X-15562002-G-C","rs1307986087","p.Ala774Gly;n.242C>G;n.664C>G","missense_variant;non_coding_transcript_exon_variant","","PASS","9.267000198364258","0","1","0.000007556010132248048"
"X-15562008-T-C","rs764682532","p.Asn772Ser;n.658A>G;n.236A>G","missense_variant;non_coding_transcript_exon_variant","","PASS","5.521999835968018","3","1","0.00001888999941002112"
"X-15564028-T-C","rs772347875","p.Lys769Glu;n.226A>G;n.648A>G","missense_variant;non_coding_transcript_exon_variant","","PASS","22","0","1","0.000007556010132248048"
"X-15564063-A-G","rs931448406","p.Ile757Thr;n.613T>C;n.191T>C","missense_variant;non_coding_transcript_exon_variant","","PASS","18.959999084472656","0","1","0.000007556010132248048"
"X-15564069-A-G","","p.Val755Ala;n.607T>C;n.185T>C","missense_variant;non_coding_transcript_exon_variant","","PASS","11.390000343322754","0","1","0.000007556010132248048"
"X-15564076-T-C","rs1260616687","p.Ile753Val;n.600A>G;n.178A>G","missense_variant;non_coding_transcript_exon_variant","","PASS","5.651000022888184","3","1","0.00001888999941002112"
"X-15564187-G-A","rs144869363","p.Arg716Cys;n.67C>T;n.489C>T","missense_variant;non_coding_transcript_exon_variant","","PASS","19.709999084472656","4","1","0.000022668000383418985"
"X-15564211-G-A","rs776995986","p.Arg708Trp;n.43C>T;n.465C>T","missense_variant;non_coding_transcript_exon_variant","","PASS","23.899999618530273","1","1","0.000011334000191709492"
"X-15566314-C-A","rs1262476548","p.Val685Phe;n.396G>T","missense_variant;non_coding_transcript_exon_variant;upstream_gene_variant","","PASS","23.600000381469727","0","1","0.000007556010132248048"
"X-15566355-C-T","rs753705431","p.Arg671Gln;n.355G>A","missense_variant;non_coding_transcript_exon_variant;upstream_gene_variant","","PASS","10.380000114440918","1","1","0.000011334000191709492"
"X-15570308-A-G","","p.Leu628Pro","missense_variant;upstream_gene_variant","","PASS","23.799999237060547","0","1","0.000007556010132248048"
"X-15570348-C-G","rs1408702726","p.Asp615His","missense_variant;upstream_gene_variant","","PASS","16.479999542236328","0","1","0.000007556010132248048"
"X-15571656-G-T","","p.Ser602Tyr","missense_variant;upstream_gene_variant","","PASS","23.100000381469727","0","1","0.000007556010132248048"
"X-15571664-G-C","rs1162138115","p.Asn599Lys","missense_variant;upstream_gene_variant","","PASS","22.799999237060547","0","1","0.000007556010132248048"
"X-15571665-T-A","rs1423289421","p.Asn599Ile","missense_variant;upstream_gene_variant","","PASS","26.799999237060547","0","1","0.000007556010132248048"
"X-15571716-C-T","rs150172355","p.Arg582Lys","missense_variant","","PASS","0.2770000100135803","4","1","0.000022668000383418985"
"X-15571743-A-G","rs1303528080","p.Val573Ala","missense_variant","","PASS","17.549999237060547","0","1","0.000007556010132248048"
"X-15571773-G-A","rs375352455","p.Ser563Leu","missense_variant","","PASS","29.200000762939453","1","1","0.000011334000191709492"
"X-15571784-C-G","rs1016777825","p.Arg559Ser","missense_variant","","PASS","5.000999927520752","0","1","0.000007556010132248048"
"X-15572207-T-G","rs899455705","p.Lys553Thr","missense_variant","","PASS","18.280000686645508","3","1","0.00001888999941002112"
"X-15572211-G-A","","p.Gln552Ter","stop_gained","HC","PASS","34","0","1","0.000007556010132248048"
"X-15573367-C-T","rs868506911","p.Arg514Gln","missense_variant;splice_region_variant","","PASS","33","1","1","0.000011334000191709492"
"X-15573368-G-C","rs1352194082","p.Arg514Gly","missense_variant;splice_region_variant","","PASS","26.700000762939453","0","1","0.000007556010132248048"
"X-15573386-T-C","rs1349942475","p.Asn508Asp","missense_variant","","PASS","22.600000381469727","0","1","0.000007556010132248048"
"X-15573391-A-G","rs775181355","p.Val506Ala","missense_variant","","PASS","26.600000381469727","0","1","0.000007556010132248048"
"X-15573394-T-C","rs1016409802","p.His505Arg","missense_variant","","PASS","25.5","1","1","0.000011334000191709492"
"X-15573398-A-T","rs760281053","p.Phe504Ile","missense_variant","","PASS","26","2","1","0.000015112000255612656"
"X-15573407-C-T","rs140473595","p.Ala501Thr","missense_variant","","PASS","23.200000762939453","1","1","0.000011334000191709492"
"X-15573419-A-G","rs961921482","p.Tyr497His","missense_variant","","PASS","24.600000381469727","3","1","0.00001888999941002112"
"X-15573455-C-G","","p.Val485Leu","missense_variant","","PASS","23.200000762939453","0","1","0.000007556010132248048"
"X-15573459-C-G","rs779752560","p.Glu483Asp","missense_variant","","PASS","14.380000114440918","3","1","0.00001888999941002112"
"X-15575720-A-T","rs1169303958","p.Val463Asp","missense_variant","","PASS","26.100000381469727","1","1","0.000011334000191709492"
"X-15575744-A-G","rs1171652794","p.Met455Thr","missense_variant","","PASS","25.5","0","1","0.000007556010132248048"
"X-15575770-A-C","rs1290769028","p.Ile446Met","missense_variant","","PASS","21.600000381469727","2","1","0.000015112000255612656"
"X-15578107-C-A","rs1316056737","p.Asp427Tyr","missense_variant","","PASS","23.100000381469727","4","1","0.000022668000383418985"
"X-15578124-A-G","rs1352508510","p.Ile421Thr","missense_variant","","PASS","24.200000762939453","0","1","0.000007556010132248048"
"X-15578192-T-A","rs1339365248","p.Glu398Asp","missense_variant","","PASS","18.959999084472656","0","1","0.000007556010132248048"
"X-15578197-T-C","rs1365935088","p.Asn397Asp","missense_variant","","PASS","26.5","1","1","0.000011334000191709492"
"X-15578202-C-A","","p.Gly395Val","missense_variant","","PASS","25.700000762939453","3","1","0.00001888999941002112"
"X-15578265-T-C","rs1309363592","p.His374Arg","missense_variant","","PASS","25.299999237060547","0","1","0.000007556010132248048"
"X-15578308-T-A","rs1205410066","p.Met360Leu","missense_variant","","PASS","23.700000762939453","4","1","0.000022668000383418985"
"X-15581236-C-A","rs370610075","p.Gly352Val","missense_variant","","PASS","23.799999237060547","2","1","0.000015112000255612656"
"X-15581302-T-C","","p.Asn330Ser","missense_variant","","PASS","22.299999237060547","0","1","0.000007556010132248048"
"X-15581305-T-C","rs143936283","p.Glu329Gly","missense_variant","","PASS","14.9399995803833","4","1","0.000022668000383418985"
"X-15581357-C-T","rs780574871","p.Glu312Lys","missense_variant","","PASS","23.899999618530273","5","1","0.000026445999537827447"
"X-15581389-G-A","","p.Ala301Val","missense_variant;splice_region_variant","","PASS","9.973999977111816","1","1","0.000011334000191709492"
"X-15585479-T-C","","p.Asp299Gly","missense_variant","","PASS","14.239999771118164","2","1","0.000015112000255612656"
"X-15585491-T-C","rs776226831","p.Asp295Gly","missense_variant","","PASS","16.389999389648438","2","1","0.000015112000255612656"
"X-15585516-G-T","rs1165212018","p.Gln287Lys","missense_variant","","PASS","10.100000381469727","0","1","0.000007556010132248048"
"X-15585567-T-C","rs766319182","p.Met270Val","missense_variant","","PASS","24.100000381469727","2","1","0.000015112000255612656"
"X-15587800-T-C","rs771769548","p.Tyr252Cys","missense_variant","","PASS","24.899999618530273","5","1","0.000026445999537827447"
"X-15587830-G-A","rs1360329820","p.Ala242Val","missense_variant","","PASS","25.700000762939453","0","1","0.000007556010132248048"
"X-15589364-C-T","","p.Val226Met","missense_variant","","PASS","23","1","1","0.000011334000191709492"
"X-15589382-C-T","rs774621083","p.Gly220Ser","missense_variant","","PASS","0.29499998688697815","3","1","0.00001888999941002112"
"X-15591784-T-A","rs748076875","p.Glu171Val","missense_variant;downstream_gene_variant","","PASS","14.470000267028809","2","1","0.000015112000255612656"
"X-15591805-G-C","rs1303797112","p.Ala164Gly","missense_variant;downstream_gene_variant","","PASS","23.600000381469727","0","1","0.000007556010132248048"
"X-15592319-T-C","","p.Asn117Asp","missense_variant;downstream_gene_variant","","PASS","18.639999389648438","0","1","0.000007556010132248048"
"X-15594870-A-G","rs139773121","p.Val107Ala","missense_variant;downstream_gene_variant","","PASS","2.691999912261963","8","1","0.00003777999882004224"
"X-15594873-G-A","rs1038445507","p.Ser106Leu","missense_variant;downstream_gene_variant","","PASS","21.700000762939453","1","1","0.000011334000191709492"
"X-15594885-T-G","rs1395878099","p.Gln102Pro","missense_variant;downstream_gene_variant","","PASS","20.200000762939453","3","1","0.00001888999941002112"
"X-15594886-G-T","","p.Gln102Lys","missense_variant;downstream_gene_variant","","PASS","15.600000381469727","0","1","0.000007556010132248048"
"X-15594895-C-T","","p.Ala99Thr;n.591G>A","missense_variant;non_coding_transcript_exon_variant","","PASS","2.950000047683716","3","1","0.00001888999941002112"
"X-15594936-A-G","","p.Leu85Pro;n.550T>C","missense_variant;non_coding_transcript_exon_variant","","PASS","15.380000114440918","0","1","0.000007556010132248048"
"X-15600763-T-C","","p.Tyr50Cys;n.445A>G","missense_variant;non_coding_transcript_exon_variant","","PASS","26","0","1","0.000007556010132248048"
"X-15600805-G-A","","p.Ala36Val;n.403C>T","missense_variant;non_coding_transcript_exon_variant","","PASS","21.100000381469727","0","1","0.000007556010132248048"
"X-15600839-C-T","rs1434130600","p.Ala25Thr;n.369G>A","missense_variant;non_coding_transcript_exon_variant","","PASS","23","1","1","0.000011334000191709492"
"X-15600875-C-A","rs1482922566","p.Ala13Ser;n.333G>T","missense_variant;non_coding_transcript_exon_variant","","PASS","18.989999771118164","0","1","0.000007556010132248048"
"X-15561924-T-C","","p.Asp800Gly;n.742A>G;n.320A>G","missense_variant;non_coding_transcript_exon_variant","","PASS","15.5","1","0","0.000003778000063903164"
"X-15561945-G-A","rs1457512583","p.Pro793Leu;n.299C>T;n.721C>T","missense_variant;non_coding_transcript_exon_variant","","PASS","10.789999961853027","1","0","0.000003778000063903164"
"X-15561969-T-G","rs1248729689","p.Asp785Ala;n.697A>C;n.275A>C","missense_variant;non_coding_transcript_exon_variant","","PASS","14.609999656677246","1","0","0.000003778000063903164"
"X-15561982-A-G","rs902013280","p.Tyr781His;n.684T>C;n.262T>C","missense_variant;non_coding_transcript_exon_variant","","PASS","23.799999237060547","2","0","0.000007556010132248048"
"X-15561991-C-T","","p.Glu778Lys;n.675G>A;n.253G>A","missense_variant;non_coding_transcript_exon_variant","","PASS","19.600000381469727","1","0","0.000003778000063903164"
"X-15562011-T-C","rs1323382709","p.Lys771Arg;n.655A>G;n.233A>G","missense_variant;splice_region_variant;non_coding_transcript_exon_variant","","PASS","9.246999740600586","1","0","0.000003778000063903164"
"X-15564100-C-T","rs772641644","p.Val745Ile;n.154G>A;n.576G>A","missense_variant;non_coding_transcript_exon_variant","","PASS","7.980000019073486","5","0","0.00001888999941002112"
"X-15564114-G-A","rs1371764870","p.Ser740Phe;n.140C>T;n.562C>T","missense_variant;non_coding_transcript_exon_variant","","PASS","16.149999618530273","1","0","0.000003778000063903164"
"X-15564147-G-A","rs375923132","p.Pro729Leu;n.107C>T;n.529C>T","missense_variant;non_coding_transcript_exon_variant","","PASS","22.5","1","0","0.000003778000063903164"
"X-15564174-T-C","rs746153383","p.Asn720Ser;n.80A>G;n.502A>G","missense_variant;non_coding_transcript_exon_variant","","PASS","14.210000038146973","4","0","0.000015112000255612656"
"X-15564198-T-C","rs1173472683","p.Asn712Ser;n.56A>G;n.478A>G","missense_variant;non_coding_transcript_exon_variant","","PASS","18.079999923706055","1","0","0.000003778000063903164"
"X-15564205-G-A","rs901495523","p.Arg710Cys;n.471C>T;n.49C>T","missense_variant;non_coding_transcript_exon_variant","","PASS","26","5","0","0.00001888999941002112"
"X-15564217-T-C","","p.Met706Val;n.459A>G;n.37A>G","missense_variant;splice_region_variant;non_coding_transcript_exon_variant","","PASS","9.28600025177002","1","0","0.000003778000063903164"
"X-15566269-C-T","rs1392981937","p.Val700Ile;n.19G>A;n.441G>A","missense_variant;non_coding_transcript_exon_variant","","PASS","23","1","0","0.000003778000063903164"
"X-15566281-G-T","rs755445931","p.Pro696Thr;n.429C>A;n.7C>A","missense_variant;non_coding_transcript_exon_variant","","PASS","23.700000762939453","6","0","0.000022668000383418985"
"X-15566290-C-G","rs1462355609","p.Asp693His;n.420G>C","missense_variant;non_coding_transcript_exon_variant;upstream_gene_variant","","PASS","15.279999732971191","1","0","0.000003778000063903164"
"X-15566334-C-G","rs1271264671","p.Arg678Thr;n.376G>C","missense_variant;non_coding_transcript_exon_variant;upstream_gene_variant","","PASS","24.899999618530273","1","0","0.000003778000063903164"
"X-15566340-T-A","","p.Lys676Ile;n.370A>T","missense_variant;non_coding_transcript_exon_variant;upstream_gene_variant","","PASS","21.100000381469727","1","0","0.000003778000063903164"
"X-15566353-C-G","rs763939235","p.Val672Leu;n.357G>C","missense_variant;non_coding_transcript_exon_variant;upstream_gene_variant","","PASS","14.210000038146973","4","0","0.000015112000255612656"
"X-15566358-A-G","rs1250368104","p.Val670Ala;n.352T>C","missense_variant;non_coding_transcript_exon_variant;upstream_gene_variant","","PASS","23.600000381469727","2","0","0.000007556010132248048"
"X-15566367-T-A","rs1192635576","p.Glu667Val;n.343A>T","missense_variant;splice_region_variant;non_coding_transcript_exon_variant;upstream_gene_variant","","PASS","2.2090001106262207","1","0","0.000003778000063903164"
"X-15567783-A-G","","p.Val647Ala","missense_variant;upstream_gene_variant","","PASS","23.299999237060547","1","0","0.000003778000063903164"
"X-15567814-C-T","","p.Asp637Asn","missense_variant;upstream_gene_variant","","PASS","16.8700008392334","2","0","0.000007556010132248048"
"X-15570303-C-G","rs140312271","p.Asp630His","missense_variant;upstream_gene_variant","","PASS","17.610000610351562","3","0","0.000011334000191709492"
"X-15570351-C-T","rs201715513","p.Ala614Thr","missense_variant;splice_region_variant;upstream_gene_variant","","PASS","1.7979999780654907","3","0","0.000011334000191709492"
"X-15571642-T-C","rs1402111758","p.Ser607Gly","missense_variant;upstream_gene_variant","","PASS","13.430000305175781","1","0","0.000003778000063903164"
"X-15571679-C-T","","p.Trp594Ter","stop_gained;upstream_gene_variant","HC","PASS","38","1","0","0.000003778000063903164"
"X-15571683-G-A","","p.Thr593Ile","missense_variant;upstream_gene_variant","","PASS","14.529999732971191","1","0","0.000003778000063903164"
"X-15571715-C-A","rs372924787","p.Arg582Ser","missense_variant","","PASS","2.247999906539917","2","0","0.000007556010132248048"
"X-15572296-G-C","rs1019324840","p.Phe523Leu","missense_variant","","PASS","25.399999618530273","2","0","0.000007556010132248048"
"X-15572321-T-C","rs1263424292","p.Tyr515Cys","missense_variant;splice_region_variant","","PASS","28.299999237060547","1","0","0.000003778000063903164"
"X-15573370-A-G","","p.Ile513Thr","missense_variant","","PASS","26.399999618530273","1","0","0.000003778000063903164"
"X-15573377-A-G","","p.Ser511Pro","missense_variant","","PASS","22.399999618530273","1","0","0.000003778000063903164"
"X-15573396-G-T","rs1285805675","p.Phe504Leu","missense_variant","","PASS","24.399999618530273","1","0","0.000003778000063903164"
"X-15573427-T-A","rs765152220","p.Asp494Val","missense_variant","","PASS","27","2","0","0.000007556010132248048"
"X-15573434-G-A","rs1221577570","p.Pro492Ser","missense_variant","","PASS","22.600000381469727","1","0","0.000003778000063903164"
"X-15573442-T-A","","p.Glu489Val","missense_variant","","PASS","27.399999618530273","1","0","0.000003778000063903164"
"X-15573443-C-G","rs962791083","p.Glu489Gln","missense_variant","","PASS","25.5","1","0","0.000003778000063903164"
"X-15575670-T-C","rs1382719890","p.Met480Val","missense_variant","","PASS","24","1","0","0.000003778000063903164"
"X-15575697-C-G","","p.Asp471His","missense_variant","","PASS","23.600000381469727","1","0","0.000003778000063903164"
"X-15575722-C-T","rs1463563888","p.Met462Ile","missense_variant","","PASS","23","1","0","0.000003778000063903164"
"X-15575774-G-A","rs764772589","p.Thr445Met","missense_variant","","PASS","25.299999237060547","1","0","0.000003778000063903164"
"X-15575796-A-T","","p.Phe438Ile","missense_variant","","PASS","28","1","0","0.000003778000063903164"
"X-15578091-T-C","","p.Asn432Ser","missense_variant;splice_region_variant","","PASS","0.3959999978542328","1","0","0.000003778000063903164"
"X-15578128-A-G","rs1384237654","p.Ser420Pro","missense_variant","","PASS","18.59000015258789","2","0","0.000007556010132248048"
"X-15578133-A-G","rs1466701781","p.Leu418Ser","missense_variant","","PASS","27.399999618530273","1","0","0.000003778000063903164"
"X-15578151-G-T","","p.Ala412Glu","missense_variant","","PASS","24","2","0","0.000007556010132248048"
"X-15578188-A-G","rs1214851578","p.Phe400Leu","missense_variant","","PASS","27.5","1","0","0.000003778000063903164"
"X-15578237-C-A","","p.Met383Ile","missense_variant","","PASS","24.700000762939453","1","0","0.000003778000063903164"
"X-15578238-A-G","rs1396769231","p.Met383Thr","missense_variant","","PASS","25.299999237060547","1","0","0.000003778000063903164"
"X-15578256-C-A","","p.Gly377Val","missense_variant","","PASS","25.299999237060547","1","0","0.000003778000063903164"
"X-15578259-A-G","rs754076967","p.Met376Thr","missense_variant","","PASS","25.299999237060547","2","0","0.000007556010132248048"
"X-15578261-C-A","rs1395782023","p.Glu375Asp","missense_variant","","PASS","23.799999237060547","1","0","0.000003778000063903164"
"X-15578272-C-T","","p.Ala372Thr","missense_variant","","PASS","24.100000381469727","1","0","0.000003778000063903164"
"X-15581228-C-T","rs961360700","p.Asp355Asn","missense_variant","","PASS","24.299999237060547","2","0","0.000007556010132248048"
"X-15581278-T-C","rs916715573","p.Asn338Ser","missense_variant","","PASS","18.190000534057617","1","0","0.000003778000063903164"
"X-15581290-G-A","rs1471486893","p.Thr334Met","missense_variant","","PASS","11.59000015258789","2","0","0.000007556010132248048"
"X-15581314-C-T","rs759579097","p.Gly326Glu","missense_variant","","PASS","14.270000457763672","1","0","0.000003778000063903164"
"X-15585482-A-G","rs1362308420","p.Val298Ala","missense_variant","","PASS","17.559999465942383","1","0","0.000003778000063903164"
"X-15585486-T-A","rs772143709","p.Met297Leu","missense_variant","","PASS","21.600000381469727","1","0","0.000003778000063903164"
"X-15585507-T-G","rs763994205","p.Asn290His","missense_variant","","PASS","24.5","2","0","0.000007556010132248048"
"X-15585512-T-G","","p.Lys288Thr","missense_variant","","PASS","25.299999237060547","1","0","0.000003778000063903164"
"X-15585528-C-A","rs1203006090","p.Val283Phe","missense_variant","","PASS","23.299999237060547","1","0","0.000003778000063903164"
"X-15587779-A-G","rs1161338919","p.Ile259Thr","missense_variant","","PASS","5.535999774932861","3","0","0.000011334000191709492"
"X-15587785-C-T","rs745514718","p.Ser257Asn","missense_variant","","PASS","4.605999946594238","1","0","0.000003778000063903164"
"X-15587851-G-C","rs1172580854","p.Pro235Arg","missense_variant","","PASS","25.399999618530273","1","0","0.000003778000063903164"
"X-15589354-G-A","rs1204132218","p.Thr229Ile","missense_variant","","PASS","10.949999809265137","1","0","0.000003778000063903164"
"X-15589390-T-C","rs1300152093","p.Tyr217Cys","missense_variant","","PASS","23.899999618530273","1","0","0.000003778000063903164"
"X-15589392-G-T","rs753164828","p.Asp216Glu","missense_variant","","PASS","1.6950000524520874","1","0","0.000003778000063903164"
"X-15589444-T-C","rs750145841","p.Tyr199Cys","missense_variant","","PASS","25.200000762939453","2","0","0.000007556010132248048"
"X-15591713-G-A","rs764661406","p.His195Tyr","missense_variant;splice_region_variant;downstream_gene_variant","","PASS","14.8100004196167","1","0","0.000003778000063903164"
"X-15591745-A-G","rs758142853","p.Val184Ala","missense_variant;downstream_gene_variant","","PASS","25.600000381469727","1","0","0.000003778000063903164"
"X-15591797-T-C","","p.Ser167Gly","missense_variant;downstream_gene_variant","","PASS","16.360000610351562","1","0","0.000003778000063903164"
"X-15591809-A-G","rs777568369","p.Trp163Arg","missense_variant;downstream_gene_variant","","PASS","25.799999237060547","1","0","0.000003778000063903164"
"X-15591834-G-C","rs1435872603","p.Asn154Lys","missense_variant;downstream_gene_variant","","PASS","0.017999999225139618","2","0","0.000007556010132248048"
"X-15591842-T-C","","p.Met152Val","missense_variant;downstream_gene_variant","","PASS","23.299999237060547","1","0","0.000003778000063903164"
"X-15592246-C-T","rs1391451327","p.Cys141Tyr","missense_variant;downstream_gene_variant","","PASS","23.100000381469727","8","0","0.000030224000511225313"
"X-15592255-G-A","","p.Pro138Leu","missense_variant;downstream_gene_variant","","PASS","19.68000030517578","1","0","0.000003778000063903164"